--
-- PostgreSQL database dump
--

-- Dumped from database version 13.2
-- Dumped by pg_dump version 13.2

SET statement_timeout = 0;
SET lock_timeout = 0;
SET idle_in_transaction_session_timeout = 0;
SET client_encoding = 'UTF8';
SET standard_conforming_strings = on;
SELECT pg_catalog.set_config('search_path', '', false);
SET check_function_bodies = false;
SET xmloption = content;
SET client_min_messages = warning;
SET row_security = off;

--
-- Name: MAGAZYN; Type: DATABASE; Schema: -; Owner: postgres
--

CREATE DATABASE "MAGAZYN" WITH TEMPLATE = template0 ENCODING = 'UTF8' LOCALE = 'Polish_Poland.1250';


ALTER DATABASE "MAGAZYN" OWNER TO postgres;

\connect "MAGAZYN"

SET statement_timeout = 0;
SET lock_timeout = 0;
SET idle_in_transaction_session_timeout = 0;
SET client_encoding = 'UTF8';
SET standard_conforming_strings = on;
SELECT pg_catalog.set_config('search_path', '', false);
SET check_function_bodies = false;
SET xmloption = content;
SET client_min_messages = warning;
SET row_security = off;

--
-- Name: public; Type: SCHEMA; Schema: -; Owner: postgres
--

CREATE SCHEMA public;


ALTER SCHEMA public OWNER TO postgres;

--
-- Name: SCHEMA public; Type: COMMENT; Schema: -; Owner: postgres
--

COMMENT ON SCHEMA public IS 'standard public schema';


SET default_tablespace = '';

SET default_table_access_method = heap;

--
-- Name: Alley; Type: TABLE; Schema: public; Owner: postgres
--

CREATE TABLE public."Alley" (
    "Id" integer NOT NULL,
    "SectorId" bigint NOT NULL,
    "Name" name NOT NULL,
    "Capacity" numeric DEFAULT 0 NOT NULL,
    "MaxCapacity" numeric DEFAULT 0 NOT NULL
);


ALTER TABLE public."Alley" OWNER TO postgres;

--
-- Name: Alley_Id_seq; Type: SEQUENCE; Schema: public; Owner: postgres
--

CREATE SEQUENCE public."Alley_Id_seq"
    AS integer
    START WITH 1
    INCREMENT BY 1
    NO MINVALUE
    NO MAXVALUE
    CACHE 1;


ALTER TABLE public."Alley_Id_seq" OWNER TO postgres;

--
-- Name: Alley_Id_seq; Type: SEQUENCE OWNED BY; Schema: public; Owner: postgres
--

ALTER SEQUENCE public."Alley_Id_seq" OWNED BY public."Alley"."Id";


--
-- Name: AspNetRoleClaims; Type: TABLE; Schema: public; Owner: postgres
--

CREATE TABLE public."AspNetRoleClaims" (
    "Id" integer NOT NULL,
    "RoleId" text NOT NULL,
    "ClaimType" text,
    "ClaimValue" text
);


ALTER TABLE public."AspNetRoleClaims" OWNER TO postgres;

--
-- Name: AspNetRoleClaims_Id_seq; Type: SEQUENCE; Schema: public; Owner: postgres
--

ALTER TABLE public."AspNetRoleClaims" ALTER COLUMN "Id" ADD GENERATED BY DEFAULT AS IDENTITY (
    SEQUENCE NAME public."AspNetRoleClaims_Id_seq"
    START WITH 1
    INCREMENT BY 1
    NO MINVALUE
    NO MAXVALUE
    CACHE 1
);


--
-- Name: AspNetRoles; Type: TABLE; Schema: public; Owner: postgres
--

CREATE TABLE public."AspNetRoles" (
    "Id" text NOT NULL,
    "Name" character varying(256),
    "NormalizedName" character varying(256),
    "ConcurrencyStamp" text
);


ALTER TABLE public."AspNetRoles" OWNER TO postgres;

--
-- Name: AspNetUserClaims; Type: TABLE; Schema: public; Owner: postgres
--

CREATE TABLE public."AspNetUserClaims" (
    "Id" integer NOT NULL,
    "UserId" text NOT NULL,
    "ClaimType" text,
    "ClaimValue" text
);


ALTER TABLE public."AspNetUserClaims" OWNER TO postgres;

--
-- Name: AspNetUserClaims_Id_seq; Type: SEQUENCE; Schema: public; Owner: postgres
--

ALTER TABLE public."AspNetUserClaims" ALTER COLUMN "Id" ADD GENERATED BY DEFAULT AS IDENTITY (
    SEQUENCE NAME public."AspNetUserClaims_Id_seq"
    START WITH 1
    INCREMENT BY 1
    NO MINVALUE
    NO MAXVALUE
    CACHE 1
);


--
-- Name: AspNetUserLogins; Type: TABLE; Schema: public; Owner: postgres
--

CREATE TABLE public."AspNetUserLogins" (
    "LoginProvider" character varying(128) NOT NULL,
    "ProviderKey" character varying(128) NOT NULL,
    "ProviderDisplayName" text,
    "UserId" text NOT NULL
);


ALTER TABLE public."AspNetUserLogins" OWNER TO postgres;

--
-- Name: AspNetUserRoles; Type: TABLE; Schema: public; Owner: postgres
--

CREATE TABLE public."AspNetUserRoles" (
    "UserId" text NOT NULL,
    "RoleId" text NOT NULL
);


ALTER TABLE public."AspNetUserRoles" OWNER TO postgres;

--
-- Name: AspNetUserTokens; Type: TABLE; Schema: public; Owner: postgres
--

CREATE TABLE public."AspNetUserTokens" (
    "UserId" text NOT NULL,
    "LoginProvider" character varying(128) NOT NULL,
    "Name" character varying(128) NOT NULL,
    "Value" text
);


ALTER TABLE public."AspNetUserTokens" OWNER TO postgres;

--
-- Name: AspNetUsers; Type: TABLE; Schema: public; Owner: postgres
--

CREATE TABLE public."AspNetUsers" (
    "Id" text NOT NULL,
    "UserName" character varying(256),
    "NormalizedUserName" character varying(256),
    "Email" character varying(256),
    "NormalizedEmail" character varying(256),
    "EmailConfirmed" boolean NOT NULL,
    "PasswordHash" text,
    "SecurityStamp" text,
    "ConcurrencyStamp" text,
    "PhoneNumber" text,
    "PhoneNumberConfirmed" boolean NOT NULL,
    "TwoFactorEnabled" boolean NOT NULL,
    "LockoutEnd" timestamp with time zone,
    "LockoutEnabled" boolean NOT NULL,
    "AccessFailedCount" integer NOT NULL
);


ALTER TABLE public."AspNetUsers" OWNER TO postgres;

--
-- Name: Client; Type: TABLE; Schema: public; Owner: postgres
--

CREATE TABLE public."Client" (
    "Id" integer NOT NULL,
    "Firstname" text NOT NULL,
    "Surname" text NOT NULL,
    "Address" text NOT NULL,
    "Postal_Code" text NOT NULL,
    "Phone" text NOT NULL,
    "Email" text NOT NULL
);


ALTER TABLE public."Client" OWNER TO postgres;

--
-- Name: Client_Id_seq; Type: SEQUENCE; Schema: public; Owner: postgres
--

CREATE SEQUENCE public."Client_Id_seq"
    AS integer
    START WITH 1
    INCREMENT BY 1
    NO MINVALUE
    NO MAXVALUE
    CACHE 1;


ALTER TABLE public."Client_Id_seq" OWNER TO postgres;

--
-- Name: Client_Id_seq; Type: SEQUENCE OWNED BY; Schema: public; Owner: postgres
--

ALTER SEQUENCE public."Client_Id_seq" OWNED BY public."Client"."Id";


--
-- Name: Order; Type: TABLE; Schema: public; Owner: postgres
--

CREATE TABLE public."Order" (
    "OrderId" integer NOT NULL,
    "ClientId" integer NOT NULL,
    "Quantity" numeric NOT NULL,
    "Price" numeric NOT NULL,
    "StateId" integer DEFAULT 1 NOT NULL,
    "OrderDate" date DEFAULT CURRENT_DATE NOT NULL,
    "CompletionDate" date DEFAULT '0001-01-01'::date
);


ALTER TABLE public."Order" OWNER TO postgres;

--
-- Name: OrderDetail; Type: TABLE; Schema: public; Owner: postgres
--

CREATE TABLE public."OrderDetail" (
    "Id" integer NOT NULL,
    "ProductId" bigint NOT NULL,
    "Quantity" bigint NOT NULL,
    "Price" numeric NOT NULL,
    "OrderId" integer
);


ALTER TABLE public."OrderDetail" OWNER TO postgres;

--
-- Name: OrderDetail_Id_seq; Type: SEQUENCE; Schema: public; Owner: postgres
--

CREATE SEQUENCE public."OrderDetail_Id_seq"
    AS integer
    START WITH 1
    INCREMENT BY 1
    NO MINVALUE
    NO MAXVALUE
    CACHE 1;


ALTER TABLE public."OrderDetail_Id_seq" OWNER TO postgres;

--
-- Name: OrderDetail_Id_seq; Type: SEQUENCE OWNED BY; Schema: public; Owner: postgres
--

ALTER SEQUENCE public."OrderDetail_Id_seq" OWNED BY public."OrderDetail"."Id";


--
-- Name: OrderState; Type: TABLE; Schema: public; Owner: postgres
--

CREATE TABLE public."OrderState" (
    "Id" integer NOT NULL,
    "Name" name NOT NULL
);


ALTER TABLE public."OrderState" OWNER TO postgres;

--
-- Name: OrderState_Id_seq; Type: SEQUENCE; Schema: public; Owner: postgres
--

CREATE SEQUENCE public."OrderState_Id_seq"
    AS integer
    START WITH 1
    INCREMENT BY 1
    NO MINVALUE
    NO MAXVALUE
    CACHE 1;


ALTER TABLE public."OrderState_Id_seq" OWNER TO postgres;

--
-- Name: OrderState_Id_seq; Type: SEQUENCE OWNED BY; Schema: public; Owner: postgres
--

ALTER SEQUENCE public."OrderState_Id_seq" OWNED BY public."OrderState"."Id";


--
-- Name: Order_OrderId_seq; Type: SEQUENCE; Schema: public; Owner: postgres
--

CREATE SEQUENCE public."Order_OrderId_seq"
    AS integer
    START WITH 1
    INCREMENT BY 1
    NO MINVALUE
    NO MAXVALUE
    CACHE 1;


ALTER TABLE public."Order_OrderId_seq" OWNER TO postgres;

--
-- Name: Order_OrderId_seq; Type: SEQUENCE OWNED BY; Schema: public; Owner: postgres
--

ALTER SEQUENCE public."Order_OrderId_seq" OWNED BY public."Order"."OrderId";


--
-- Name: Product; Type: TABLE; Schema: public; Owner: postgres
--

CREATE TABLE public."Product" (
    "Id" integer NOT NULL,
    "Name" text NOT NULL,
    "Quantity" integer NOT NULL,
    "Price" numeric NOT NULL,
    "TypeId" integer
);


ALTER TABLE public."Product" OWNER TO postgres;

--
-- Name: Product_Id_seq; Type: SEQUENCE; Schema: public; Owner: postgres
--

CREATE SEQUENCE public."Product_Id_seq"
    AS integer
    START WITH 1
    INCREMENT BY 1
    NO MINVALUE
    NO MAXVALUE
    CACHE 1;


ALTER TABLE public."Product_Id_seq" OWNER TO postgres;

--
-- Name: Product_Id_seq; Type: SEQUENCE OWNED BY; Schema: public; Owner: postgres
--

ALTER SEQUENCE public."Product_Id_seq" OWNED BY public."Product"."Id";


--
-- Name: Product_Type; Type: TABLE; Schema: public; Owner: postgres
--

CREATE TABLE public."Product_Type" (
    "Id" integer NOT NULL,
    "Name" text NOT NULL
);


ALTER TABLE public."Product_Type" OWNER TO postgres;

--
-- Name: Product_Type_Id_seq; Type: SEQUENCE; Schema: public; Owner: postgres
--

CREATE SEQUENCE public."Product_Type_Id_seq"
    AS integer
    START WITH 1
    INCREMENT BY 1
    NO MINVALUE
    NO MAXVALUE
    CACHE 1;


ALTER TABLE public."Product_Type_Id_seq" OWNER TO postgres;

--
-- Name: Product_Type_Id_seq; Type: SEQUENCE OWNED BY; Schema: public; Owner: postgres
--

ALTER SEQUENCE public."Product_Type_Id_seq" OWNED BY public."Product_Type"."Id";


--
-- Name: Sector; Type: TABLE; Schema: public; Owner: postgres
--

CREATE TABLE public."Sector" (
    "Id" integer NOT NULL,
    "Name" name NOT NULL,
    "Capacity" numeric DEFAULT 0 NOT NULL
);


ALTER TABLE public."Sector" OWNER TO postgres;

--
-- Name: Sector_Id_seq; Type: SEQUENCE; Schema: public; Owner: postgres
--

CREATE SEQUENCE public."Sector_Id_seq"
    AS integer
    START WITH 1
    INCREMENT BY 1
    NO MINVALUE
    NO MAXVALUE
    CACHE 1;


ALTER TABLE public."Sector_Id_seq" OWNER TO postgres;

--
-- Name: Sector_Id_seq; Type: SEQUENCE OWNED BY; Schema: public; Owner: postgres
--

ALTER SEQUENCE public."Sector_Id_seq" OWNED BY public."Sector"."Id";


--
-- Name: Shelf; Type: TABLE; Schema: public; Owner: postgres
--

CREATE TABLE public."Shelf" (
    "Id" integer NOT NULL,
    "Name" name NOT NULL,
    "Capacity" numeric DEFAULT 0 NOT NULL,
    "MaxCapacity" numeric DEFAULT 0 NOT NULL,
    "AlleyId" bigint NOT NULL
);


ALTER TABLE public."Shelf" OWNER TO postgres;

--
-- Name: Shelf_Id_seq; Type: SEQUENCE; Schema: public; Owner: postgres
--

CREATE SEQUENCE public."Shelf_Id_seq"
    AS integer
    START WITH 1
    INCREMENT BY 1
    NO MINVALUE
    NO MAXVALUE
    CACHE 1;


ALTER TABLE public."Shelf_Id_seq" OWNER TO postgres;

--
-- Name: Shelf_Id_seq; Type: SEQUENCE OWNED BY; Schema: public; Owner: postgres
--

ALTER SEQUENCE public."Shelf_Id_seq" OWNED BY public."Shelf"."Id";


--
-- Name: ShoppingCartItems; Type: TABLE; Schema: public; Owner: postgres
--

CREATE TABLE public."ShoppingCartItems" (
    "Id" integer NOT NULL,
    "ProductId" bigint NOT NULL,
    "Amount" bigint NOT NULL,
    "ShoppingCartId" text NOT NULL
);


ALTER TABLE public."ShoppingCartItems" OWNER TO postgres;

--
-- Name: ShoppingCartItem_Id_seq; Type: SEQUENCE; Schema: public; Owner: postgres
--

CREATE SEQUENCE public."ShoppingCartItem_Id_seq"
    AS integer
    START WITH 1
    INCREMENT BY 1
    NO MINVALUE
    NO MAXVALUE
    CACHE 1;


ALTER TABLE public."ShoppingCartItem_Id_seq" OWNER TO postgres;

--
-- Name: ShoppingCartItem_Id_seq; Type: SEQUENCE OWNED BY; Schema: public; Owner: postgres
--

ALTER SEQUENCE public."ShoppingCartItem_Id_seq" OWNED BY public."ShoppingCartItems"."Id";


--
-- Name: Socket; Type: TABLE; Schema: public; Owner: postgres
--

CREATE TABLE public."Socket" (
    "Id" integer NOT NULL,
    "Name" name NOT NULL,
    "Capacity" numeric NOT NULL,
    "MaxCapacity" numeric NOT NULL,
    "ShelfId" bigint NOT NULL
);


ALTER TABLE public."Socket" OWNER TO postgres;

--
-- Name: SocketProduct; Type: TABLE; Schema: public; Owner: postgres
--

CREATE TABLE public."SocketProduct" (
    "SocketId" integer NOT NULL,
    "ProductId" integer NOT NULL,
    "Amount" numeric,
    "Id" integer NOT NULL
);


ALTER TABLE public."SocketProduct" OWNER TO postgres;

--
-- Name: SocketProduct_Id_seq; Type: SEQUENCE; Schema: public; Owner: postgres
--

CREATE SEQUENCE public."SocketProduct_Id_seq"
    AS integer
    START WITH 1
    INCREMENT BY 1
    NO MINVALUE
    NO MAXVALUE
    CACHE 1;


ALTER TABLE public."SocketProduct_Id_seq" OWNER TO postgres;

--
-- Name: SocketProduct_Id_seq; Type: SEQUENCE OWNED BY; Schema: public; Owner: postgres
--

ALTER SEQUENCE public."SocketProduct_Id_seq" OWNED BY public."SocketProduct"."Id";


--
-- Name: Socket_Id_seq; Type: SEQUENCE; Schema: public; Owner: postgres
--

CREATE SEQUENCE public."Socket_Id_seq"
    AS integer
    START WITH 1
    INCREMENT BY 1
    NO MINVALUE
    NO MAXVALUE
    CACHE 1;


ALTER TABLE public."Socket_Id_seq" OWNER TO postgres;

--
-- Name: Socket_Id_seq; Type: SEQUENCE OWNED BY; Schema: public; Owner: postgres
--

ALTER SEQUENCE public."Socket_Id_seq" OWNED BY public."Socket"."Id";


--
-- Name: Supply; Type: TABLE; Schema: public; Owner: postgres
--

CREATE TABLE public."Supply" (
    "Id" integer NOT NULL,
    "StateId" bigint DEFAULT 0 NOT NULL,
    "OrderDate" date DEFAULT CURRENT_DATE,
    "CompletionDate" date,
    "Amount" numeric NOT NULL,
    "ProductId" integer NOT NULL
);


ALTER TABLE public."Supply" OWNER TO postgres;

--
-- Name: SupplyState; Type: TABLE; Schema: public; Owner: postgres
--

CREATE TABLE public."SupplyState" (
    "Id" integer NOT NULL,
    "Name" name NOT NULL
);


ALTER TABLE public."SupplyState" OWNER TO postgres;

--
-- Name: SupplyState_Id_seq; Type: SEQUENCE; Schema: public; Owner: postgres
--

CREATE SEQUENCE public."SupplyState_Id_seq"
    AS integer
    START WITH 1
    INCREMENT BY 1
    NO MINVALUE
    NO MAXVALUE
    CACHE 1;


ALTER TABLE public."SupplyState_Id_seq" OWNER TO postgres;

--
-- Name: SupplyState_Id_seq; Type: SEQUENCE OWNED BY; Schema: public; Owner: postgres
--

ALTER SEQUENCE public."SupplyState_Id_seq" OWNED BY public."SupplyState"."Id";


--
-- Name: Supply_Id_seq; Type: SEQUENCE; Schema: public; Owner: postgres
--

CREATE SEQUENCE public."Supply_Id_seq"
    AS integer
    START WITH 1
    INCREMENT BY 1
    NO MINVALUE
    NO MAXVALUE
    CACHE 1;


ALTER TABLE public."Supply_Id_seq" OWNER TO postgres;

--
-- Name: Supply_Id_seq; Type: SEQUENCE OWNED BY; Schema: public; Owner: postgres
--

ALTER SEQUENCE public."Supply_Id_seq" OWNED BY public."Supply"."Id";


--
-- Name: __EFMigrationsHistory; Type: TABLE; Schema: public; Owner: postgres
--

CREATE TABLE public."__EFMigrationsHistory" (
    "MigrationId" character varying(150) NOT NULL,
    "ProductVersion" character varying(32) NOT NULL
);


ALTER TABLE public."__EFMigrationsHistory" OWNER TO postgres;

--
-- Name: Alley Id; Type: DEFAULT; Schema: public; Owner: postgres
--

ALTER TABLE ONLY public."Alley" ALTER COLUMN "Id" SET DEFAULT nextval('public."Alley_Id_seq"'::regclass);


--
-- Name: Client Id; Type: DEFAULT; Schema: public; Owner: postgres
--

ALTER TABLE ONLY public."Client" ALTER COLUMN "Id" SET DEFAULT nextval('public."Client_Id_seq"'::regclass);


--
-- Name: Order OrderId; Type: DEFAULT; Schema: public; Owner: postgres
--

ALTER TABLE ONLY public."Order" ALTER COLUMN "OrderId" SET DEFAULT nextval('public."Order_OrderId_seq"'::regclass);


--
-- Name: OrderDetail Id; Type: DEFAULT; Schema: public; Owner: postgres
--

ALTER TABLE ONLY public."OrderDetail" ALTER COLUMN "Id" SET DEFAULT nextval('public."OrderDetail_Id_seq"'::regclass);


--
-- Name: OrderState Id; Type: DEFAULT; Schema: public; Owner: postgres
--

ALTER TABLE ONLY public."OrderState" ALTER COLUMN "Id" SET DEFAULT nextval('public."OrderState_Id_seq"'::regclass);


--
-- Name: Product Id; Type: DEFAULT; Schema: public; Owner: postgres
--

ALTER TABLE ONLY public."Product" ALTER COLUMN "Id" SET DEFAULT nextval('public."Product_Id_seq"'::regclass);


--
-- Name: Product_Type Id; Type: DEFAULT; Schema: public; Owner: postgres
--

ALTER TABLE ONLY public."Product_Type" ALTER COLUMN "Id" SET DEFAULT nextval('public."Product_Type_Id_seq"'::regclass);


--
-- Name: Sector Id; Type: DEFAULT; Schema: public; Owner: postgres
--

ALTER TABLE ONLY public."Sector" ALTER COLUMN "Id" SET DEFAULT nextval('public."Sector_Id_seq"'::regclass);


--
-- Name: Shelf Id; Type: DEFAULT; Schema: public; Owner: postgres
--

ALTER TABLE ONLY public."Shelf" ALTER COLUMN "Id" SET DEFAULT nextval('public."Shelf_Id_seq"'::regclass);


--
-- Name: ShoppingCartItems Id; Type: DEFAULT; Schema: public; Owner: postgres
--

ALTER TABLE ONLY public."ShoppingCartItems" ALTER COLUMN "Id" SET DEFAULT nextval('public."ShoppingCartItem_Id_seq"'::regclass);


--
-- Name: Socket Id; Type: DEFAULT; Schema: public; Owner: postgres
--

ALTER TABLE ONLY public."Socket" ALTER COLUMN "Id" SET DEFAULT nextval('public."Socket_Id_seq"'::regclass);


--
-- Name: SocketProduct Id; Type: DEFAULT; Schema: public; Owner: postgres
--

ALTER TABLE ONLY public."SocketProduct" ALTER COLUMN "Id" SET DEFAULT nextval('public."SocketProduct_Id_seq"'::regclass);


--
-- Name: Supply Id; Type: DEFAULT; Schema: public; Owner: postgres
--

ALTER TABLE ONLY public."Supply" ALTER COLUMN "Id" SET DEFAULT nextval('public."Supply_Id_seq"'::regclass);


--
-- Name: SupplyState Id; Type: DEFAULT; Schema: public; Owner: postgres
--

ALTER TABLE ONLY public."SupplyState" ALTER COLUMN "Id" SET DEFAULT nextval('public."SupplyState_Id_seq"'::regclass);


--
-- Data for Name: Alley; Type: TABLE DATA; Schema: public; Owner: postgres
--

INSERT INTO public."Alley" VALUES (3, 2, 'A1', 0, 0);
INSERT INTO public."Alley" VALUES (4, 2, 'A2', 0, 0);
INSERT INTO public."Alley" VALUES (1, 1, 'A1', 0, 0);
INSERT INTO public."Alley" VALUES (2, 1, 'A2', 0, 0);


--
-- Data for Name: AspNetRoleClaims; Type: TABLE DATA; Schema: public; Owner: postgres
--



--
-- Data for Name: AspNetRoles; Type: TABLE DATA; Schema: public; Owner: postgres
--

INSERT INTO public."AspNetRoles" VALUES ('61d6813a-1860-4a67-b7a7-3791a84bd173', 'Admin', 'ADMIN', 'ad7dc3e6-38ab-4ba0-9f36-8e66adfa815f');
INSERT INTO public."AspNetRoles" VALUES ('a7903355-78c5-4641-87bf-b0b8c0f288b9', 'User', 'USER', '767ca8c8-c0cf-4767-9f64-e96176819495');


--
-- Data for Name: AspNetUserClaims; Type: TABLE DATA; Schema: public; Owner: postgres
--



--
-- Data for Name: AspNetUserLogins; Type: TABLE DATA; Schema: public; Owner: postgres
--



--
-- Data for Name: AspNetUserRoles; Type: TABLE DATA; Schema: public; Owner: postgres
--

INSERT INTO public."AspNetUserRoles" VALUES ('bd202089-8314-403c-a5e6-78136e342276', 'a7903355-78c5-4641-87bf-b0b8c0f288b9');
INSERT INTO public."AspNetUserRoles" VALUES ('bd202089-8314-403c-a5e6-78136e342276', '61d6813a-1860-4a67-b7a7-3791a84bd173');
INSERT INTO public."AspNetUserRoles" VALUES ('f174fc36-c7f4-40b7-a36b-f83bbc483cd1', 'a7903355-78c5-4641-87bf-b0b8c0f288b9');
INSERT INTO public."AspNetUserRoles" VALUES ('b31ef65e-c878-4e45-ba40-dbb8904da1ab', 'a7903355-78c5-4641-87bf-b0b8c0f288b9');
INSERT INTO public."AspNetUserRoles" VALUES ('ab5efb91-0f68-4f63-8c51-1827cc70f300', '61d6813a-1860-4a67-b7a7-3791a84bd173');
INSERT INTO public."AspNetUserRoles" VALUES ('ab5efb91-0f68-4f63-8c51-1827cc70f300', 'a7903355-78c5-4641-87bf-b0b8c0f288b9');


--
-- Data for Name: AspNetUserTokens; Type: TABLE DATA; Schema: public; Owner: postgres
--



--
-- Data for Name: AspNetUsers; Type: TABLE DATA; Schema: public; Owner: postgres
--

INSERT INTO public."AspNetUsers" VALUES ('f174fc36-c7f4-40b7-a36b-f83bbc483cd1', 'User', 'USER', 'user@user.com', 'USER@USER.COM', false, 'AQAAAAEAACcQAAAAEOjfYLOn3h3tablCRxaMun45X8otqbBA7uwbzKKzEx6o0l+eZyl7hNVeI0hjO46yFQ==', '5DMIRVRSEODESNQ7EKY5OILEORLG7XCC', '71fc3d46-4d58-48c0-b4fe-3541fc209aae', NULL, false, false, NULL, true, 0);
INSERT INTO public."AspNetUsers" VALUES ('ab5efb91-0f68-4f63-8c51-1827cc70f300', 'admin@gmail.com', 'ADMIN@GMAIL.COM', 'admin@gmail.com', 'ADMIN@GMAIL.COM', false, 'AQAAAAEAACcQAAAAEO0m/UhwVSf1pzGX1mI8M9r28oYIkXgqmRvMVWYLIBmEdL5pBff2pBdQGqC+kLKXtQ==', 'JNTQ6YLFF5GVKA2QFCPMEATCIPW5B4NG', '8af17ff5-8033-4eba-974f-07074f35c4b2', NULL, false, false, NULL, true, 0);
INSERT INTO public."AspNetUsers" VALUES ('b31ef65e-c878-4e45-ba40-dbb8904da1ab', 'test', 'TEST', 'test@test.pl', 'TEST@TEST.PL', false, 'AQAAAAEAACcQAAAAECm40le8I1DzNCtf8WxYrz+mqRbRbdx/rzj5W+sqVapywK5xQ+71q4Vh/I48OQtlyw==', 'VUG7JL7W2OATRHHY2DO24YS3KPDNLWZW', '0fca1224-5f6a-44e1-93c6-d16bf52be48a', '11111111111111', false, false, NULL, true, 0);
INSERT INTO public."AspNetUsers" VALUES ('bd202089-8314-403c-a5e6-78136e342276', 'admin', 'ADMIN', 'admin@admin.com', 'ADMIN@ADMIN.COM', true, 'AQAAAAEAACcQAAAAEHBUWEBtm6Tx0+/VgMw6EVBm/pzIICweLOW57pnIzrP4gmcp4wWPeCjBA6vxwNeADA==', '36KANUETK4UBZCPAS5TPIEOTVQAAXCKT', 'c931117d-239d-451f-92f6-e6bed280c62c', NULL, true, false, NULL, true, 0);


--
-- Data for Name: Client; Type: TABLE DATA; Schema: public; Owner: postgres
--

INSERT INTO public."Client" VALUES (9, 'Damian', 'Dom', 'Białka 14', '23-144', '111111111', 'DamDom@gmail.com');
INSERT INTO public."Client" VALUES (1, 'Jan', 'Kowalski', 'Czarna 20', '20-402', '555-555-555', 'JanKow@gmail.com');


--
-- Data for Name: Order; Type: TABLE DATA; Schema: public; Owner: postgres
--

INSERT INTO public."Order" VALUES (150, 9, 7, 75.94, 2, '2021-09-16', '2021-09-16');
INSERT INTO public."Order" VALUES (151, 1, 3, 24.00, 2, '2021-09-16', '2021-09-16');
INSERT INTO public."Order" VALUES (154, 1, 25, 199.90, 2, '2021-09-22', '2021-09-22');
INSERT INTO public."Order" VALUES (153, 1, 15, 149.85, 2, '2021-09-21', '2021-09-21');
INSERT INTO public."Order" VALUES (152, 9, 25, 209.95, 2, '2021-09-21', '2021-09-21');
INSERT INTO public."Order" VALUES (155, 9, 40, 929.90, 2, '2021-09-22', '2021-09-22');
INSERT INTO public."Order" VALUES (161, 1, 21, 178.44, 2, '2021-09-26', '2021-09-26');
INSERT INTO public."Order" VALUES (160, 9, 47, 799.74, 2, '2021-09-24', '2021-09-26');
INSERT INTO public."Order" VALUES (158, 1, 28, 283.81, 2, '2021-09-23', '2021-09-26');
INSERT INTO public."Order" VALUES (159, 9, 30, 519.85, 2, '2021-09-22', '2021-09-26');
INSERT INTO public."Order" VALUES (166, 9, 1, 9.99, 1, '2021-10-06', '0001-01-01');
INSERT INTO public."Order" VALUES (167, 9, 1, 9.99, 1, '2021-10-06', '0001-01-01');


--
-- Data for Name: OrderDetail; Type: TABLE DATA; Schema: public; Owner: postgres
--

INSERT INTO public."OrderDetail" VALUES (186, 27, 10, 7.99, 155);
INSERT INTO public."OrderDetail" VALUES (187, 2, 5, 20.00, 155);
INSERT INTO public."OrderDetail" VALUES (188, 5, 25, 30.00, 155);
INSERT INTO public."OrderDetail" VALUES (191, 7, 12, 9.99, 158);
INSERT INTO public."OrderDetail" VALUES (192, 27, 7, 7.99, 158);
INSERT INTO public."OrderDetail" VALUES (193, 2, 3, 20.00, 158);
INSERT INTO public."OrderDetail" VALUES (194, 3, 6, 8.00, 158);
INSERT INTO public."OrderDetail" VALUES (195, 6, 10, 4.50, 159);
INSERT INTO public."OrderDetail" VALUES (196, 22, 15, 14.99, 159);
INSERT INTO public."OrderDetail" VALUES (197, 10, 5, 50.00, 159);
INSERT INTO public."OrderDetail" VALUES (198, 2, 9, 20.00, 160);
INSERT INTO public."OrderDetail" VALUES (199, 7, 26, 9.99, 160);
INSERT INTO public."OrderDetail" VALUES (200, 5, 12, 30.00, 160);
INSERT INTO public."OrderDetail" VALUES (201, 6, 9, 4.50, 161);
INSERT INTO public."OrderDetail" VALUES (202, 23, 6, 9.99, 161);
INSERT INTO public."OrderDetail" VALUES (203, 1, 6, 13.00, 161);
INSERT INTO public."OrderDetail" VALUES (209, 7, 1, 9.99, 166);
INSERT INTO public."OrderDetail" VALUES (210, 7, 1, 9.99, 167);
INSERT INTO public."OrderDetail" VALUES (177, 7, 4, 9.99, 150);
INSERT INTO public."OrderDetail" VALUES (178, 27, 2, 7.99, 150);
INSERT INTO public."OrderDetail" VALUES (179, 2, 1, 20.00, 150);
INSERT INTO public."OrderDetail" VALUES (180, 3, 3, 8.00, 151);
INSERT INTO public."OrderDetail" VALUES (181, 7, 5, 9.99, 152);
INSERT INTO public."OrderDetail" VALUES (182, 3, 20, 8.00, 152);
INSERT INTO public."OrderDetail" VALUES (183, 7, 15, 9.99, 153);
INSERT INTO public."OrderDetail" VALUES (184, 27, 10, 7.99, 154);
INSERT INTO public."OrderDetail" VALUES (185, 3, 15, 8.00, 154);


--
-- Data for Name: OrderState; Type: TABLE DATA; Schema: public; Owner: postgres
--

INSERT INTO public."OrderState" VALUES (2, 'Wydano');
INSERT INTO public."OrderState" VALUES (1, 'Nie wydano');


--
-- Data for Name: Product; Type: TABLE DATA; Schema: public; Owner: postgres
--

INSERT INTO public."Product" VALUES (24, 'Lodówka', 0, 1799.99, 3);
INSERT INTO public."Product" VALUES (26, 'Piekarnik', 0, 1299.99, 3);
INSERT INTO public."Product" VALUES (42, 'Poduszka', 0, 24.99, 2);
INSERT INTO public."Product" VALUES (9, 'Roleta', 0, 80.00, 2);
INSERT INTO public."Product" VALUES (10, 'Lampa', 45, 50.00, 2);
INSERT INTO public."Product" VALUES (22, 'Pasta do zębów', 85, 14.99, 5);
INSERT INTO public."Product" VALUES (2, 'Kawa', 38, 20.00, 1);
INSERT INTO public."Product" VALUES (5, 'Kawa XXL', 38, 30.00, 1);
INSERT INTO public."Product" VALUES (1, 'Mleko 3%', 44, 13.00, 1);
INSERT INTO public."Product" VALUES (6, 'Mleko 5%', 81, 4.50, 1);
INSERT INTO public."Product" VALUES (23, 'Dezodorant', 44, 9.99, 5);
INSERT INTO public."Product" VALUES (3, 'Kubek', 60, 8.00, 6);
INSERT INTO public."Product" VALUES (8, 'Mleko 8%', 50, 5.00, 1);
INSERT INTO public."Product" VALUES (11, 'Szklanka', 20, 10.00, 6);
INSERT INTO public."Product" VALUES (27, 'Czekolada', 43, 7.99, 1);
INSERT INTO public."Product" VALUES (7, 'Arbuz', 50, 9.99, 1);
INSERT INTO public."Product" VALUES (25, 'Mikrofala', 0, 849.99, 3);


--
-- Data for Name: Product_Type; Type: TABLE DATA; Schema: public; Owner: postgres
--

INSERT INTO public."Product_Type" VALUES (1, 'Żywność');
INSERT INTO public."Product_Type" VALUES (5, 'Chemia');
INSERT INTO public."Product_Type" VALUES (6, 'Inne');
INSERT INTO public."Product_Type" VALUES (3, 'AGD');
INSERT INTO public."Product_Type" VALUES (2, 'Meble');


--
-- Data for Name: Sector; Type: TABLE DATA; Schema: public; Owner: postgres
--

INSERT INTO public."Sector" VALUES (3, 'C', 0);
INSERT INTO public."Sector" VALUES (2, 'B', 0);
INSERT INTO public."Sector" VALUES (1, 'A', 0);


--
-- Data for Name: Shelf; Type: TABLE DATA; Schema: public; Owner: postgres
--

INSERT INTO public."Shelf" VALUES (5, 'S1', 0, 0, 3);
INSERT INTO public."Shelf" VALUES (6, 'S1', 0, 0, 4);
INSERT INTO public."Shelf" VALUES (1, 'S1', 0, 0, 1);
INSERT INTO public."Shelf" VALUES (2, 'S2', 0, 0, 1);
INSERT INTO public."Shelf" VALUES (7, 'S3', 0, 0, 1);
INSERT INTO public."Shelf" VALUES (8, 'S1', 0, 0, 2);
INSERT INTO public."Shelf" VALUES (9, 'S2', 0, 0, 2);
INSERT INTO public."Shelf" VALUES (10, 'S3', 0, 0, 2);


--
-- Data for Name: ShoppingCartItems; Type: TABLE DATA; Schema: public; Owner: postgres
--



--
-- Data for Name: Socket; Type: TABLE DATA; Schema: public; Owner: postgres
--

INSERT INTO public."Socket" VALUES (1, 'S1', 8, 8, 1);
INSERT INTO public."Socket" VALUES (2, 'S2', 8, 8, 1);
INSERT INTO public."Socket" VALUES (3, 'S3', 8, 8, 1);
INSERT INTO public."Socket" VALUES (4, 'S4', 8, 8, 1);
INSERT INTO public."Socket" VALUES (5, 'S5', 8, 8, 1);
INSERT INTO public."Socket" VALUES (6, 'S6', 8, 8, 1);
INSERT INTO public."Socket" VALUES (7, 'S7', 8, 8, 1);
INSERT INTO public."Socket" VALUES (8, 'S8', 8, 8, 1);
INSERT INTO public."Socket" VALUES (9, 'S9', 8, 8, 1);
INSERT INTO public."Socket" VALUES (10, 'S10', 8, 8, 1);
INSERT INTO public."Socket" VALUES (11, 'S11', 8, 8, 1);
INSERT INTO public."Socket" VALUES (12, 'S12', 8, 8, 1);
INSERT INTO public."Socket" VALUES (13, 'S1', 8, 8, 2);
INSERT INTO public."Socket" VALUES (14, 'S2', 8, 8, 2);
INSERT INTO public."Socket" VALUES (15, 'S3', 8, 8, 2);
INSERT INTO public."Socket" VALUES (16, 'S4', 8, 8, 2);
INSERT INTO public."Socket" VALUES (17, 'S5', 8, 8, 2);
INSERT INTO public."Socket" VALUES (18, 'S6', 4, 8, 2);
INSERT INTO public."Socket" VALUES (19, 'S7', 8, 8, 2);
INSERT INTO public."Socket" VALUES (20, 'S8', 3, 8, 2);
INSERT INTO public."Socket" VALUES (21, 'S9', 8, 8, 2);
INSERT INTO public."Socket" VALUES (22, 'S10', 8, 8, 2);
INSERT INTO public."Socket" VALUES (23, 'S11', 8, 8, 2);
INSERT INTO public."Socket" VALUES (24, 'S12', 8, 8, 2);
INSERT INTO public."Socket" VALUES (29, 'S1', 8, 8, 5);
INSERT INTO public."Socket" VALUES (30, 'S2', 8, 8, 5);
INSERT INTO public."Socket" VALUES (31, 'S3', 8, 8, 5);
INSERT INTO public."Socket" VALUES (32, 'S4', 8, 8, 5);
INSERT INTO public."Socket" VALUES (33, 'S5', 8, 8, 5);
INSERT INTO public."Socket" VALUES (34, 'S6', 8, 8, 5);
INSERT INTO public."Socket" VALUES (35, 'S7', 8, 8, 5);
INSERT INTO public."Socket" VALUES (36, 'S8', 8, 8, 5);
INSERT INTO public."Socket" VALUES (37, 'S9', 8, 8, 5);
INSERT INTO public."Socket" VALUES (53, 'S1', 8, 8, 7);
INSERT INTO public."Socket" VALUES (54, 'S2', 8, 8, 7);
INSERT INTO public."Socket" VALUES (55, 'S3', 8, 8, 7);
INSERT INTO public."Socket" VALUES (56, 'S4', 8, 8, 7);
INSERT INTO public."Socket" VALUES (38, 'S10', 8, 8, 5);
INSERT INTO public."Socket" VALUES (57, 'S5', 8, 8, 7);
INSERT INTO public."Socket" VALUES (58, 'S6', 8, 8, 7);
INSERT INTO public."Socket" VALUES (39, 'S11', 8, 8, 5);
INSERT INTO public."Socket" VALUES (40, 'S12', 8, 8, 5);
INSERT INTO public."Socket" VALUES (41, 'S1', 8, 8, 6);
INSERT INTO public."Socket" VALUES (42, 'S2', 8, 8, 6);
INSERT INTO public."Socket" VALUES (43, 'S3', 8, 8, 6);
INSERT INTO public."Socket" VALUES (59, 'S7', 8, 8, 7);
INSERT INTO public."Socket" VALUES (44, 'S4', 8, 8, 6);
INSERT INTO public."Socket" VALUES (45, 'S5', 8, 8, 6);
INSERT INTO public."Socket" VALUES (46, 'S6', 8, 8, 6);
INSERT INTO public."Socket" VALUES (47, 'S7', 8, 8, 6);
INSERT INTO public."Socket" VALUES (48, 'S8', 8, 8, 6);
INSERT INTO public."Socket" VALUES (49, 'S9', 8, 8, 6);
INSERT INTO public."Socket" VALUES (50, 'S10', 8, 8, 6);
INSERT INTO public."Socket" VALUES (51, 'S11', 8, 8, 6);
INSERT INTO public."Socket" VALUES (52, 'S12', 8, 8, 6);
INSERT INTO public."Socket" VALUES (65, 'S1', 8, 8, 8);
INSERT INTO public."Socket" VALUES (66, 'S2', 8, 8, 8);
INSERT INTO public."Socket" VALUES (67, 'S3', 8, 8, 8);
INSERT INTO public."Socket" VALUES (68, 'S4', 8, 8, 8);
INSERT INTO public."Socket" VALUES (69, 'S5', 8, 8, 8);
INSERT INTO public."Socket" VALUES (70, 'S6', 8, 8, 8);
INSERT INTO public."Socket" VALUES (71, 'S7', 8, 8, 8);
INSERT INTO public."Socket" VALUES (60, 'S8', 8, 8, 7);
INSERT INTO public."Socket" VALUES (72, 'S8', 8, 8, 8);
INSERT INTO public."Socket" VALUES (73, 'S9', 8, 8, 8);
INSERT INTO public."Socket" VALUES (61, 'S9', 8, 8, 7);
INSERT INTO public."Socket" VALUES (62, 'S10', 8, 8, 7);
INSERT INTO public."Socket" VALUES (63, 'S11', 8, 8, 7);
INSERT INTO public."Socket" VALUES (64, 'S12', 8, 8, 7);
INSERT INTO public."Socket" VALUES (74, 'S10', 8, 8, 8);
INSERT INTO public."Socket" VALUES (75, 'S11', 8, 8, 8);
INSERT INTO public."Socket" VALUES (76, 'S12', 8, 8, 8);
INSERT INTO public."Socket" VALUES (77, 'S1', 8, 8, 9);
INSERT INTO public."Socket" VALUES (78, 'S2', 8, 8, 9);
INSERT INTO public."Socket" VALUES (79, 'S3', 8, 8, 9);
INSERT INTO public."Socket" VALUES (80, 'S4', 8, 8, 9);
INSERT INTO public."Socket" VALUES (81, 'S5', 8, 8, 9);
INSERT INTO public."Socket" VALUES (82, 'S6', 0, 8, 9);
INSERT INTO public."Socket" VALUES (83, 'S7', 0, 8, 9);
INSERT INTO public."Socket" VALUES (84, 'S8', 0, 8, 9);
INSERT INTO public."Socket" VALUES (85, 'S9', 0, 8, 9);
INSERT INTO public."Socket" VALUES (86, 'S10', 0, 8, 9);
INSERT INTO public."Socket" VALUES (87, 'S11', 0, 8, 9);
INSERT INTO public."Socket" VALUES (88, 'S12', 0, 8, 9);
INSERT INTO public."Socket" VALUES (89, 'S1', 0, 8, 10);
INSERT INTO public."Socket" VALUES (90, 'S2', 0, 8, 10);
INSERT INTO public."Socket" VALUES (91, 'S3', 0, 8, 10);
INSERT INTO public."Socket" VALUES (92, 'S4', 0, 8, 10);
INSERT INTO public."Socket" VALUES (93, 'S5', 0, 8, 10);
INSERT INTO public."Socket" VALUES (94, 'S6', 0, 8, 10);
INSERT INTO public."Socket" VALUES (95, 'S7', 0, 8, 10);
INSERT INTO public."Socket" VALUES (96, 'S8', 0, 8, 10);
INSERT INTO public."Socket" VALUES (97, 'S9', 0, 8, 10);
INSERT INTO public."Socket" VALUES (98, 'S10', 0, 8, 10);
INSERT INTO public."Socket" VALUES (99, 'S11', 0, 8, 10);
INSERT INTO public."Socket" VALUES (100, 'S12', 0, 8, 10);


--
-- Data for Name: SocketProduct; Type: TABLE DATA; Schema: public; Owner: postgres
--

INSERT INTO public."SocketProduct" VALUES (2, 23, 6, 187);
INSERT INTO public."SocketProduct" VALUES (14, 23, 8, 188);
INSERT INTO public."SocketProduct" VALUES (11, 23, 7, 189);
INSERT INTO public."SocketProduct" VALUES (10, 23, 8, 190);
INSERT INTO public."SocketProduct" VALUES (9, 23, 8, 191);
INSERT INTO public."SocketProduct" VALUES (7, 23, 1, 192);
INSERT INTO public."SocketProduct" VALUES (4, 23, 6, 193);
INSERT INTO public."SocketProduct" VALUES (47, 10, 8, 224);
INSERT INTO public."SocketProduct" VALUES (46, 10, 8, 225);
INSERT INTO public."SocketProduct" VALUES (45, 10, 8, 226);
INSERT INTO public."SocketProduct" VALUES (44, 10, 8, 227);
INSERT INTO public."SocketProduct" VALUES (43, 10, 8, 228);
INSERT INTO public."SocketProduct" VALUES (48, 10, 5, 229);
INSERT INTO public."SocketProduct" VALUES (53, 1, 8, 231);
INSERT INTO public."SocketProduct" VALUES (52, 1, 8, 232);
INSERT INTO public."SocketProduct" VALUES (51, 1, 8, 233);
INSERT INTO public."SocketProduct" VALUES (50, 1, 8, 234);
INSERT INTO public."SocketProduct" VALUES (49, 1, 8, 235);
INSERT INTO public."SocketProduct" VALUES (54, 1, 4, 236);
INSERT INTO public."SocketProduct" VALUES (55, 6, 8, 237);
INSERT INTO public."SocketProduct" VALUES (66, 6, 8, 238);
INSERT INTO public."SocketProduct" VALUES (65, 6, 8, 239);
INSERT INTO public."SocketProduct" VALUES (64, 6, 8, 240);
INSERT INTO public."SocketProduct" VALUES (63, 6, 8, 241);
INSERT INTO public."SocketProduct" VALUES (62, 6, 8, 242);
INSERT INTO public."SocketProduct" VALUES (61, 6, 8, 243);
INSERT INTO public."SocketProduct" VALUES (60, 6, 8, 244);
INSERT INTO public."SocketProduct" VALUES (59, 6, 8, 245);
INSERT INTO public."SocketProduct" VALUES (58, 6, 8, 246);
INSERT INTO public."SocketProduct" VALUES (57, 6, 1, 247);
INSERT INTO public."SocketProduct" VALUES (2, 7, 2, 266);
INSERT INTO public."SocketProduct" VALUES (42, 7, 7, 267);
INSERT INTO public."SocketProduct" VALUES (7, 7, 7, 268);
INSERT INTO public."SocketProduct" VALUES (6, 7, 2, 269);
INSERT INTO public."SocketProduct" VALUES (3, 27, 8, 173);
INSERT INTO public."SocketProduct" VALUES (4, 7, 2, 270);
INSERT INTO public."SocketProduct" VALUES (48, 7, 3, 271);
INSERT INTO public."SocketProduct" VALUES (11, 3, 1, 272);
INSERT INTO public."SocketProduct" VALUES (56, 3, 8, 273);
INSERT INTO public."SocketProduct" VALUES (54, 3, 4, 274);
INSERT INTO public."SocketProduct" VALUES (42, 3, 1, 275);
INSERT INTO public."SocketProduct" VALUES (57, 3, 2, 276);
INSERT INTO public."SocketProduct" VALUES (15, 8, 8, 277);
INSERT INTO public."SocketProduct" VALUES (20, 27, 3, 201);
INSERT INTO public."SocketProduct" VALUES (24, 27, 8, 202);
INSERT INTO public."SocketProduct" VALUES (23, 27, 8, 203);
INSERT INTO public."SocketProduct" VALUES (22, 27, 8, 204);
INSERT INTO public."SocketProduct" VALUES (21, 27, 8, 205);
INSERT INTO public."SocketProduct" VALUES (68, 8, 7, 278);
INSERT INTO public."SocketProduct" VALUES (67, 8, 8, 279);
INSERT INTO public."SocketProduct" VALUES (57, 8, 5, 280);
INSERT INTO public."SocketProduct" VALUES (36, 8, 4, 281);
INSERT INTO public."SocketProduct" VALUES (36, 3, 4, 216);
INSERT INTO public."SocketProduct" VALUES (41, 3, 8, 217);
INSERT INTO public."SocketProduct" VALUES (40, 3, 8, 218);
INSERT INTO public."SocketProduct" VALUES (39, 3, 8, 219);
INSERT INTO public."SocketProduct" VALUES (38, 3, 8, 220);
INSERT INTO public."SocketProduct" VALUES (37, 3, 8, 221);
INSERT INTO public."SocketProduct" VALUES (34, 8, 2, 282);
INSERT INTO public."SocketProduct" VALUES (33, 8, 8, 283);
INSERT INTO public."SocketProduct" VALUES (29, 8, 8, 284);
INSERT INTO public."SocketProduct" VALUES (69, 8, 3, 285);
INSERT INTO public."SocketProduct" VALUES (16, 11, 8, 286);
INSERT INTO public."SocketProduct" VALUES (78, 22, 8, 251);
INSERT INTO public."SocketProduct" VALUES (77, 22, 8, 252);
INSERT INTO public."SocketProduct" VALUES (76, 22, 8, 253);
INSERT INTO public."SocketProduct" VALUES (75, 22, 8, 254);
INSERT INTO public."SocketProduct" VALUES (74, 22, 8, 255);
INSERT INTO public."SocketProduct" VALUES (73, 22, 8, 256);
INSERT INTO public."SocketProduct" VALUES (72, 22, 8, 257);
INSERT INTO public."SocketProduct" VALUES (71, 22, 8, 258);
INSERT INTO public."SocketProduct" VALUES (70, 22, 8, 259);
INSERT INTO public."SocketProduct" VALUES (69, 22, 5, 260);
INSERT INTO public."SocketProduct" VALUES (79, 22, 8, 262);
INSERT INTO public."SocketProduct" VALUES (18, 11, 4, 287);
INSERT INTO public."SocketProduct" VALUES (17, 11, 8, 288);
INSERT INTO public."SocketProduct" VALUES (1, 7, 8, 170);
INSERT INTO public."SocketProduct" VALUES (6, 2, 6, 176);
INSERT INTO public."SocketProduct" VALUES (5, 2, 8, 177);
INSERT INTO public."SocketProduct" VALUES (13, 5, 8, 180);
INSERT INTO public."SocketProduct" VALUES (12, 5, 8, 181);
INSERT INTO public."SocketProduct" VALUES (8, 5, 8, 185);
INSERT INTO public."SocketProduct" VALUES (19, 7, 8, 196);
INSERT INTO public."SocketProduct" VALUES (32, 2, 8, 208);
INSERT INTO public."SocketProduct" VALUES (31, 2, 8, 209);
INSERT INTO public."SocketProduct" VALUES (30, 2, 8, 210);
INSERT INTO public."SocketProduct" VALUES (35, 5, 8, 213);
INSERT INTO public."SocketProduct" VALUES (34, 5, 6, 214);
INSERT INTO public."SocketProduct" VALUES (80, 7, 8, 263);
INSERT INTO public."SocketProduct" VALUES (81, 7, 8, 264);
INSERT INTO public."SocketProduct" VALUES (68, 11, 1, 289);


--
-- Data for Name: Supply; Type: TABLE DATA; Schema: public; Owner: postgres
--

INSERT INTO public."Supply" VALUES (99, 2, '2021-09-26', '2021-09-26', 100, 6);
INSERT INTO public."Supply" VALUES (100, 2, '2021-09-26', '2021-09-26', 100, 22);
INSERT INTO public."Supply" VALUES (101, 2, '2021-09-26', '2021-09-26', 20, 7);
INSERT INTO public."Supply" VALUES (103, 2, '2021-09-28', '2021-09-28', 20, 7);
INSERT INTO public."Supply" VALUES (104, 2, '2021-09-28', '2021-09-28', 16, 3);
INSERT INTO public."Supply" VALUES (105, 2, '2021-09-28', '2021-09-28', 50, 8);
INSERT INTO public."Supply" VALUES (102, 2, '2021-09-26', '2021-09-28', 20, 11);
INSERT INTO public."Supply" VALUES (86, 1, '2021-09-22', '0001-01-01', 100000, 7);
INSERT INTO public."Supply" VALUES (87, 2, '2021-09-22', '2021-09-22', 10, 7);
INSERT INTO public."Supply" VALUES (88, 2, '2021-09-22', '2021-09-22', 20, 27);
INSERT INTO public."Supply" VALUES (89, 2, '2021-09-22', '2021-09-22', 25, 2);
INSERT INTO public."Supply" VALUES (90, 2, '2021-09-22', '2021-09-22', 50, 5);
INSERT INTO public."Supply" VALUES (91, 2, '2021-09-24', '2021-09-24', 50, 23);
INSERT INTO public."Supply" VALUES (92, 2, '2021-09-26', '2021-09-26', 40, 7);
INSERT INTO public."Supply" VALUES (93, 2, '2021-09-26', '2021-09-26', 40, 27);
INSERT INTO public."Supply" VALUES (94, 2, '2021-09-26', '2021-09-26', 30, 2);
INSERT INTO public."Supply" VALUES (95, 2, '2021-09-26', '2021-09-26', 25, 5);
INSERT INTO public."Supply" VALUES (96, 2, '2021-09-26', '2021-09-26', 50, 3);
INSERT INTO public."Supply" VALUES (97, 2, '2021-09-26', '2021-09-26', 50, 10);
INSERT INTO public."Supply" VALUES (98, 2, '2021-09-26', '2021-09-26', 50, 1);


--
-- Data for Name: SupplyState; Type: TABLE DATA; Schema: public; Owner: postgres
--

INSERT INTO public."SupplyState" VALUES (1, 'Nie wydano');
INSERT INTO public."SupplyState" VALUES (2, 'Wydano');


--
-- Data for Name: __EFMigrationsHistory; Type: TABLE DATA; Schema: public; Owner: postgres
--

INSERT INTO public."__EFMigrationsHistory" VALUES ('20210803150041_initIdent', '5.0.8');
INSERT INTO public."__EFMigrationsHistory" VALUES ('20210803170827_initIdentity', '5.0.8');


--
-- Name: Alley_Id_seq; Type: SEQUENCE SET; Schema: public; Owner: postgres
--

SELECT pg_catalog.setval('public."Alley_Id_seq"', 4, true);


--
-- Name: AspNetRoleClaims_Id_seq; Type: SEQUENCE SET; Schema: public; Owner: postgres
--

SELECT pg_catalog.setval('public."AspNetRoleClaims_Id_seq"', 1, false);


--
-- Name: AspNetUserClaims_Id_seq; Type: SEQUENCE SET; Schema: public; Owner: postgres
--

SELECT pg_catalog.setval('public."AspNetUserClaims_Id_seq"', 1, false);


--
-- Name: Client_Id_seq; Type: SEQUENCE SET; Schema: public; Owner: postgres
--

SELECT pg_catalog.setval('public."Client_Id_seq"', 14, true);


--
-- Name: OrderDetail_Id_seq; Type: SEQUENCE SET; Schema: public; Owner: postgres
--

SELECT pg_catalog.setval('public."OrderDetail_Id_seq"', 210, true);


--
-- Name: OrderState_Id_seq; Type: SEQUENCE SET; Schema: public; Owner: postgres
--

SELECT pg_catalog.setval('public."OrderState_Id_seq"', 2, true);


--
-- Name: Order_OrderId_seq; Type: SEQUENCE SET; Schema: public; Owner: postgres
--

SELECT pg_catalog.setval('public."Order_OrderId_seq"', 167, true);


--
-- Name: Product_Id_seq; Type: SEQUENCE SET; Schema: public; Owner: postgres
--

SELECT pg_catalog.setval('public."Product_Id_seq"', 55, true);


--
-- Name: Product_Type_Id_seq; Type: SEQUENCE SET; Schema: public; Owner: postgres
--

SELECT pg_catalog.setval('public."Product_Type_Id_seq"', 9, true);


--
-- Name: Sector_Id_seq; Type: SEQUENCE SET; Schema: public; Owner: postgres
--

SELECT pg_catalog.setval('public."Sector_Id_seq"', 3, true);


--
-- Name: Shelf_Id_seq; Type: SEQUENCE SET; Schema: public; Owner: postgres
--

SELECT pg_catalog.setval('public."Shelf_Id_seq"', 10, true);


--
-- Name: ShoppingCartItem_Id_seq; Type: SEQUENCE SET; Schema: public; Owner: postgres
--

SELECT pg_catalog.setval('public."ShoppingCartItem_Id_seq"', 465, true);


--
-- Name: SocketProduct_Id_seq; Type: SEQUENCE SET; Schema: public; Owner: postgres
--

SELECT pg_catalog.setval('public."SocketProduct_Id_seq"', 289, true);


--
-- Name: Socket_Id_seq; Type: SEQUENCE SET; Schema: public; Owner: postgres
--

SELECT pg_catalog.setval('public."Socket_Id_seq"', 100, true);


--
-- Name: SupplyState_Id_seq; Type: SEQUENCE SET; Schema: public; Owner: postgres
--

SELECT pg_catalog.setval('public."SupplyState_Id_seq"', 1, false);


--
-- Name: Supply_Id_seq; Type: SEQUENCE SET; Schema: public; Owner: postgres
--

SELECT pg_catalog.setval('public."Supply_Id_seq"', 105, true);


--
-- Name: Alley Alley_pkey; Type: CONSTRAINT; Schema: public; Owner: postgres
--

ALTER TABLE ONLY public."Alley"
    ADD CONSTRAINT "Alley_pkey" PRIMARY KEY ("Id");


--
-- Name: Client Client_pkey; Type: CONSTRAINT; Schema: public; Owner: postgres
--

ALTER TABLE ONLY public."Client"
    ADD CONSTRAINT "Client_pkey" PRIMARY KEY ("Id");


--
-- Name: OrderDetail OrderDetail_pkey; Type: CONSTRAINT; Schema: public; Owner: postgres
--

ALTER TABLE ONLY public."OrderDetail"
    ADD CONSTRAINT "OrderDetail_pkey" PRIMARY KEY ("Id");


--
-- Name: OrderState OrderState_pkey; Type: CONSTRAINT; Schema: public; Owner: postgres
--

ALTER TABLE ONLY public."OrderState"
    ADD CONSTRAINT "OrderState_pkey" PRIMARY KEY ("Id");


--
-- Name: Order Order_pkey; Type: CONSTRAINT; Schema: public; Owner: postgres
--

ALTER TABLE ONLY public."Order"
    ADD CONSTRAINT "Order_pkey" PRIMARY KEY ("OrderId");


--
-- Name: AspNetRoleClaims PK_AspNetRoleClaims; Type: CONSTRAINT; Schema: public; Owner: postgres
--

ALTER TABLE ONLY public."AspNetRoleClaims"
    ADD CONSTRAINT "PK_AspNetRoleClaims" PRIMARY KEY ("Id");


--
-- Name: AspNetRoles PK_AspNetRoles; Type: CONSTRAINT; Schema: public; Owner: postgres
--

ALTER TABLE ONLY public."AspNetRoles"
    ADD CONSTRAINT "PK_AspNetRoles" PRIMARY KEY ("Id");


--
-- Name: AspNetUserClaims PK_AspNetUserClaims; Type: CONSTRAINT; Schema: public; Owner: postgres
--

ALTER TABLE ONLY public."AspNetUserClaims"
    ADD CONSTRAINT "PK_AspNetUserClaims" PRIMARY KEY ("Id");


--
-- Name: AspNetUserLogins PK_AspNetUserLogins; Type: CONSTRAINT; Schema: public; Owner: postgres
--

ALTER TABLE ONLY public."AspNetUserLogins"
    ADD CONSTRAINT "PK_AspNetUserLogins" PRIMARY KEY ("LoginProvider", "ProviderKey");


--
-- Name: AspNetUserRoles PK_AspNetUserRoles; Type: CONSTRAINT; Schema: public; Owner: postgres
--

ALTER TABLE ONLY public."AspNetUserRoles"
    ADD CONSTRAINT "PK_AspNetUserRoles" PRIMARY KEY ("UserId", "RoleId");


--
-- Name: AspNetUserTokens PK_AspNetUserTokens; Type: CONSTRAINT; Schema: public; Owner: postgres
--

ALTER TABLE ONLY public."AspNetUserTokens"
    ADD CONSTRAINT "PK_AspNetUserTokens" PRIMARY KEY ("UserId", "LoginProvider", "Name");


--
-- Name: AspNetUsers PK_AspNetUsers; Type: CONSTRAINT; Schema: public; Owner: postgres
--

ALTER TABLE ONLY public."AspNetUsers"
    ADD CONSTRAINT "PK_AspNetUsers" PRIMARY KEY ("Id");


--
-- Name: __EFMigrationsHistory PK___EFMigrationsHistory; Type: CONSTRAINT; Schema: public; Owner: postgres
--

ALTER TABLE ONLY public."__EFMigrationsHistory"
    ADD CONSTRAINT "PK___EFMigrationsHistory" PRIMARY KEY ("MigrationId");


--
-- Name: Product_Type Product_Type_pkey; Type: CONSTRAINT; Schema: public; Owner: postgres
--

ALTER TABLE ONLY public."Product_Type"
    ADD CONSTRAINT "Product_Type_pkey" PRIMARY KEY ("Id");


--
-- Name: Product Product_pkey; Type: CONSTRAINT; Schema: public; Owner: postgres
--

ALTER TABLE ONLY public."Product"
    ADD CONSTRAINT "Product_pkey" PRIMARY KEY ("Id");


--
-- Name: Sector Sector_pkey; Type: CONSTRAINT; Schema: public; Owner: postgres
--

ALTER TABLE ONLY public."Sector"
    ADD CONSTRAINT "Sector_pkey" PRIMARY KEY ("Id");


--
-- Name: Shelf Shelf_pkey; Type: CONSTRAINT; Schema: public; Owner: postgres
--

ALTER TABLE ONLY public."Shelf"
    ADD CONSTRAINT "Shelf_pkey" PRIMARY KEY ("Id");


--
-- Name: ShoppingCartItems ShoppingCartItem_pkey; Type: CONSTRAINT; Schema: public; Owner: postgres
--

ALTER TABLE ONLY public."ShoppingCartItems"
    ADD CONSTRAINT "ShoppingCartItem_pkey" PRIMARY KEY ("Id");


--
-- Name: Socket Socket_pkey; Type: CONSTRAINT; Schema: public; Owner: postgres
--

ALTER TABLE ONLY public."Socket"
    ADD CONSTRAINT "Socket_pkey" PRIMARY KEY ("Id");


--
-- Name: SupplyState SupplyState_pkey; Type: CONSTRAINT; Schema: public; Owner: postgres
--

ALTER TABLE ONLY public."SupplyState"
    ADD CONSTRAINT "SupplyState_pkey" PRIMARY KEY ("Id");


--
-- Name: Supply Supply_pkey; Type: CONSTRAINT; Schema: public; Owner: postgres
--

ALTER TABLE ONLY public."Supply"
    ADD CONSTRAINT "Supply_pkey" PRIMARY KEY ("Id");


--
-- Name: SocketProduct socketproduct_pk; Type: CONSTRAINT; Schema: public; Owner: postgres
--

ALTER TABLE ONLY public."SocketProduct"
    ADD CONSTRAINT socketproduct_pk PRIMARY KEY ("Id");


--
-- Name: EmailIndex; Type: INDEX; Schema: public; Owner: postgres
--

CREATE INDEX "EmailIndex" ON public."AspNetUsers" USING btree ("NormalizedEmail");


--
-- Name: IX_AspNetRoleClaims_RoleId; Type: INDEX; Schema: public; Owner: postgres
--

CREATE INDEX "IX_AspNetRoleClaims_RoleId" ON public."AspNetRoleClaims" USING btree ("RoleId");


--
-- Name: IX_AspNetUserClaims_UserId; Type: INDEX; Schema: public; Owner: postgres
--

CREATE INDEX "IX_AspNetUserClaims_UserId" ON public."AspNetUserClaims" USING btree ("UserId");


--
-- Name: IX_AspNetUserLogins_UserId; Type: INDEX; Schema: public; Owner: postgres
--

CREATE INDEX "IX_AspNetUserLogins_UserId" ON public."AspNetUserLogins" USING btree ("UserId");


--
-- Name: IX_AspNetUserRoles_RoleId; Type: INDEX; Schema: public; Owner: postgres
--

CREATE INDEX "IX_AspNetUserRoles_RoleId" ON public."AspNetUserRoles" USING btree ("RoleId");


--
-- Name: RoleNameIndex; Type: INDEX; Schema: public; Owner: postgres
--

CREATE UNIQUE INDEX "RoleNameIndex" ON public."AspNetRoles" USING btree ("NormalizedName");


--
-- Name: UserNameIndex; Type: INDEX; Schema: public; Owner: postgres
--

CREATE UNIQUE INDEX "UserNameIndex" ON public."AspNetUsers" USING btree ("NormalizedUserName");


--
-- Name: socketproduct_id_uindex; Type: INDEX; Schema: public; Owner: postgres
--

CREATE UNIQUE INDEX socketproduct_id_uindex ON public."SocketProduct" USING btree ("Id");


--
-- Name: Shelf Alley; Type: FK CONSTRAINT; Schema: public; Owner: postgres
--

ALTER TABLE ONLY public."Shelf"
    ADD CONSTRAINT "Alley" FOREIGN KEY ("AlleyId") REFERENCES public."Alley"("Id") NOT VALID;


--
-- Name: Order ClientId; Type: FK CONSTRAINT; Schema: public; Owner: postgres
--

ALTER TABLE ONLY public."Order"
    ADD CONSTRAINT "ClientId" FOREIGN KEY ("ClientId") REFERENCES public."Client"("Id");


--
-- Name: AspNetRoleClaims FK_AspNetRoleClaims_AspNetRoles_RoleId; Type: FK CONSTRAINT; Schema: public; Owner: postgres
--

ALTER TABLE ONLY public."AspNetRoleClaims"
    ADD CONSTRAINT "FK_AspNetRoleClaims_AspNetRoles_RoleId" FOREIGN KEY ("RoleId") REFERENCES public."AspNetRoles"("Id") ON DELETE CASCADE;


--
-- Name: AspNetUserClaims FK_AspNetUserClaims_AspNetUsers_UserId; Type: FK CONSTRAINT; Schema: public; Owner: postgres
--

ALTER TABLE ONLY public."AspNetUserClaims"
    ADD CONSTRAINT "FK_AspNetUserClaims_AspNetUsers_UserId" FOREIGN KEY ("UserId") REFERENCES public."AspNetUsers"("Id") ON DELETE CASCADE;


--
-- Name: AspNetUserLogins FK_AspNetUserLogins_AspNetUsers_UserId; Type: FK CONSTRAINT; Schema: public; Owner: postgres
--

ALTER TABLE ONLY public."AspNetUserLogins"
    ADD CONSTRAINT "FK_AspNetUserLogins_AspNetUsers_UserId" FOREIGN KEY ("UserId") REFERENCES public."AspNetUsers"("Id") ON DELETE CASCADE;


--
-- Name: AspNetUserRoles FK_AspNetUserRoles_AspNetRoles_RoleId; Type: FK CONSTRAINT; Schema: public; Owner: postgres
--

ALTER TABLE ONLY public."AspNetUserRoles"
    ADD CONSTRAINT "FK_AspNetUserRoles_AspNetRoles_RoleId" FOREIGN KEY ("RoleId") REFERENCES public."AspNetRoles"("Id") ON DELETE CASCADE;


--
-- Name: AspNetUserRoles FK_AspNetUserRoles_AspNetUsers_UserId; Type: FK CONSTRAINT; Schema: public; Owner: postgres
--

ALTER TABLE ONLY public."AspNetUserRoles"
    ADD CONSTRAINT "FK_AspNetUserRoles_AspNetUsers_UserId" FOREIGN KEY ("UserId") REFERENCES public."AspNetUsers"("Id") ON DELETE CASCADE;


--
-- Name: AspNetUserTokens FK_AspNetUserTokens_AspNetUsers_UserId; Type: FK CONSTRAINT; Schema: public; Owner: postgres
--

ALTER TABLE ONLY public."AspNetUserTokens"
    ADD CONSTRAINT "FK_AspNetUserTokens_AspNetUsers_UserId" FOREIGN KEY ("UserId") REFERENCES public."AspNetUsers"("Id") ON DELETE CASCADE;


--
-- Name: OrderDetail OrderId; Type: FK CONSTRAINT; Schema: public; Owner: postgres
--

ALTER TABLE ONLY public."OrderDetail"
    ADD CONSTRAINT "OrderId" FOREIGN KEY ("OrderId") REFERENCES public."Order"("OrderId") NOT VALID;


--
-- Name: Supply Product; Type: FK CONSTRAINT; Schema: public; Owner: postgres
--

ALTER TABLE ONLY public."Supply"
    ADD CONSTRAINT "Product" FOREIGN KEY ("ProductId") REFERENCES public."Product"("Id") NOT VALID;


--
-- Name: ShoppingCartItems ProductId; Type: FK CONSTRAINT; Schema: public; Owner: postgres
--

ALTER TABLE ONLY public."ShoppingCartItems"
    ADD CONSTRAINT "ProductId" FOREIGN KEY ("ProductId") REFERENCES public."Product"("Id");


--
-- Name: OrderDetail ProductId; Type: FK CONSTRAINT; Schema: public; Owner: postgres
--

ALTER TABLE ONLY public."OrderDetail"
    ADD CONSTRAINT "ProductId" FOREIGN KEY ("ProductId") REFERENCES public."Product"("Id") NOT VALID;


--
-- Name: Alley Sector; Type: FK CONSTRAINT; Schema: public; Owner: postgres
--

ALTER TABLE ONLY public."Alley"
    ADD CONSTRAINT "Sector" FOREIGN KEY ("SectorId") REFERENCES public."Sector"("Id");


--
-- Name: Socket Shelf; Type: FK CONSTRAINT; Schema: public; Owner: postgres
--

ALTER TABLE ONLY public."Socket"
    ADD CONSTRAINT "Shelf" FOREIGN KEY ("ShelfId") REFERENCES public."Shelf"("Id") NOT VALID;


--
-- Name: Supply State; Type: FK CONSTRAINT; Schema: public; Owner: postgres
--

ALTER TABLE ONLY public."Supply"
    ADD CONSTRAINT "State" FOREIGN KEY ("StateId") REFERENCES public."SupplyState"("Id") NOT VALID;


--
-- Name: Order StateId; Type: FK CONSTRAINT; Schema: public; Owner: postgres
--

ALTER TABLE ONLY public."Order"
    ADD CONSTRAINT "StateId" FOREIGN KEY ("StateId") REFERENCES public."OrderState"("Id") NOT VALID;


--
-- Name: Product Type; Type: FK CONSTRAINT; Schema: public; Owner: postgres
--

ALTER TABLE ONLY public."Product"
    ADD CONSTRAINT "Type" FOREIGN KEY ("TypeId") REFERENCES public."Product_Type"("Id") NOT VALID;


--
-- Name: SocketProduct socketproduct_product_id_fk; Type: FK CONSTRAINT; Schema: public; Owner: postgres
--

ALTER TABLE ONLY public."SocketProduct"
    ADD CONSTRAINT socketproduct_product_id_fk FOREIGN KEY ("ProductId") REFERENCES public."Product"("Id");


--
-- Name: SocketProduct socketproduct_socket_id_fk; Type: FK CONSTRAINT; Schema: public; Owner: postgres
--

ALTER TABLE ONLY public."SocketProduct"
    ADD CONSTRAINT socketproduct_socket_id_fk FOREIGN KEY ("SocketId") REFERENCES public."Socket"("Id");


--
-- PostgreSQL database dump complete
--

